-180,-77.9185
-179.9,-77.9185
-179.8,-66.3045
-179.7,-59.9850
-179.6,-56.0287
-179.5,-53.5432
-179.4,-52.1675
-179.3,-51.7651
-179.2,-52.3482
-179.1,-54.1126
-179,-57.6814
-178.9,-65.7352
-178.8,-70.9987
-178.7,-60.2519
-178.6,-56.7618
-178.5,-55.6075
-178.4,-56.0736
-178.3,-58.2623
-178.2,-63.3460
-178.1,-86.0720
-178,-65.0801
-177.9,-59.6961
-177.8,-57.6743
-177.7,-57.5094
-177.6,-59.0452
-177.5,-63.0074
-177.4,-74.5993
-177.3,-69.1411
-177.2,-61.9250
-177.1,-59.2445
-177,-58.6312
-176.9,-59.7197
-176.8,-62.9848
-176.7,-71.5419
-176.6,-73.3423
-176.5,-63.8556
-176.4,-60.5643
-176.3,-59.5687
-176.2,-60.2935
-176.1,-63.0322
-176,-69.9121
-175.9,-78.6871
-175.8,-65.6808
-175.7,-61.7525
-175.6,-60.3949
-175.5,-60.7941
-175.4,-63.0922
-175.3,-68.8209
-175.2,-88.7444
-175.1,-67.5296
-175,-62.8802
-174.9,-61.1562
-174.8,-61.2457
-174.7,-63.1513
-174.6,-67.9972
-174.5,-89.9610
-174.4,-69.5236
-174.3,-63.9996
-174.2,-61.8859
-174.1,-61.6680
-174,-63.2088
-173.9,-67.3306
-173.8,-80.6548
-173.7,-71.8188
-173.6,-65.1565
-173.5,-62.6112
-173.4,-62.0781
-173.3,-63.2694
-173.2,-66.7689
-173.1,-76.5499
-173,-74.6783
-172.9,-66.3989
-172.8,-63.3574
-172.7,-62.4919
-172.6,-63.3397
-172.5,-66.2861
-172.4,-73.9251
-172.3,-78.6906
-172.2,-67.7855
-172.1,-64.1503
-172,-62.9253
-171.9,-63.4282
-171.8,-65.8695
-171.7,-72.0070
-171.6,-85.9476
-171.5,-69.3981
-171.4,-65.0195
-171.3,-63.3953
-171.2,-63.5450
-171.1,-65.5139
-171,-70.5065
-170.9,-97.2036
-170.8,-71.3664
-170.7,-66.0019
-170.6,-63.9214
-170.5,-63.7016
-170.4,-65.2196
-170.3,-69.2880
-170.2,-82.2923
-170.1,-73.9295
-170,-67.1469
-169.9,-64.5270
-169.8,-63.9122
-169.7,-64.9906
-169.6,-68.2798
-169.5,-77.1593
-169.4,-77.6321
-169.3,-68.5264
-169.2,-65.2417
-169.1,-64.1938
-169,-64.8342
-168.9,-67.4426
-168.8,-74.0129
-168.7,-84.3522
-168.6,-70.2558
-168.5,-66.1051
-168.4,-64.5677
-168.3,-64.7614
-168.2,-66.7557
-168.1,-71.7706
-168,-99.1935
-167.9,-72.5435
-167.8,-67.1732
-167.7,-65.0613
-167.6,-64.7871
-167.5,-66.2099
-167.4,-70.0645
-167.3,-81.6297
-167.2,-75.8433
-167.1,-68.5309
-167,-65.7112
-166.9,-64.9310
-166.8,-65.8051
-166.7,-68.7305
-166.6,-76.2294
-166.5,-81.5545
-166.4,-70.3203
-166.3,-66.5691
-166.2,-65.2198
-166.1,-65.5488
-166,-67.6868
-165.9,-72.9890
-165.8,-109.4634
-165.7,-72.8139
-165.6,-67.7118
-165.5,-65.6900
-165.4,-65.4561
-165.3,-66.8926
-165.2,-70.7329
-165.1,-82.1344
-165,-76.6668
-164.9,-69.2649
-164.8,-66.3935
-164.7,-65.5513
-164.6,-66.3315
-164.5,-69.0764
-164.4,-75.9492
-164.3,-84.4470
-164.2,-71.4596
-164.1,-67.4090
-164,-65.8711
-163.9,-66.0049
-163.8,-67.8549
-163.7,-72.4700
-163.6,-90.4005
-163.5,-74.8153
-163.4,-68.8658
-163.3,-66.4710
-163.2,-65.9304
-163.1,-66.9934
-163,-70.1470
-162.9,-78.3273
-162.8,-81.0560
-162.7,-71.0037
-162.6,-67.4382
-162.5,-66.1437
-162.4,-66.4642
-162.3,-68.5239
-162.2,-73.5556
-162.1,-100.2827
-162,-74.3684
-161.9,-68.9222
-161.8,-66.7067
-161.7,-66.2718
-161.6,-67.4201
-161.5,-70.6787
-161.4,-79.1955
-161.3,-80.8231
-161.2,-71.2139
-161.1,-67.7247
-161,-66.4513
-160.9,-66.7640
-160.8,-68.7820
-160.7,-73.6778
-160.6,-96.0365
-160.5,-75.0285
-160.4,-69.3912
-160.3,-67.0770
-160.2,-66.5453
-160.1,-67.5607
-160,-70.5678
-159.9,-78.1176
-159.8,-83.3541
-159.7,-72.1191
-159.6,-68.2906
-159.5,-66.8042
-159.4,-66.9038
-159.3,-68.6192
-159.2,-72.8397
-159.1,-86.3993
-159,-77.1093
-158.9,-70.3792
-158.8,-67.6440
-158.7,-66.7964
-158.6,-67.4609
-158.5,-69.9038
-158.4,-75.7373
-158.3,-94.2452
-158.2,-74.0603
-158.1,-69.2839
-158,-67.3021
-157.9,-66.9741
-157.8,-68.1591
-157.7,-71.3788
-157.6,-79.5754
-157.5,-82.3508
-157.4,-72.2396
-157.3,-68.5933
-157.2,-67.1678
-157.1,-67.2734
-157,-68.9417
-156.9,-72.9996
-156.8,-85.2222
-156.7,-78.2413
-156.6,-71.0819
-156.5,-68.1730
-156.4,-67.1709
-156.3,-67.6382
-156.2,-69.7490
-156.1,-74.6992
-156,-97.2333
-155.9,-76.0200
-155.8,-70.3402
-155.7,-67.9375
-155.6,-67.2569
-155.5,-68.0179
-155.4,-70.5160
-155.3,-76.3722
-155.2,-95.0030
-155.1,-74.7061
-155,-69.8839
-154.9,-67.8286
-154.8,-67.3825
-154.7,-68.3664
-154.6,-71.1742
-154.5,-77.8569
-154.4,-88.0189
-154.3,-73.9522
-154.2,-69.6373
-154.1,-67.8064
-154,-67.5144
-153.9,-68.6444
-153.8,-71.6573
-153.7,-78.9393
-153.6,-85.6447
-153.5,-73.6055
-153.4,-69.5574
-153.3,-67.8454
-153.2,-67.6294
-153.1,-68.8227
-153,-71.9123
-152.9,-79.4067
-152.8,-85.1334
-152.7,-73.6026
-152.6,-69.6246
-152.5,-67.9333
-152.4,-67.7156
-152.3,-68.8856
-152.2,-71.9113
-152.1,-79.1513
-152,-86.1447
-151.9,-73.9384
-151.8,-69.8402
-151.7,-68.0715
-151.6,-67.7739
-151.5,-68.8345
-151.4,-71.6600
-151.3,-78.2396
-151.2,-89.3900
-151.1,-74.6652
-151,-70.2279
-150.9,-68.2764
-150.8,-67.8194
-150.7,-68.6882
-150.6,-71.1972
-150.5,-76.8702
-150.4,-100.7303
-150.3,-75.9197
-150.2,-70.8396
-150.1,-68.5816
-150,-67.8817
-149.9,-68.4826
-149.8,-70.5868
-149.7,-75.2696
-149.6,-92.0728
-149.5,-78.0138
-149.4,-71.7702
-149.3,-69.0431
-149.2,-68.0072
-149.1,-68.2684
-149,-69.9064
-148.9,-73.6223
-148.8,-83.3358
-148.7,-81.7941
-148.6,-73.1933
-148.5,-69.7487
-148.4,-68.2614
-148.3,-68.1103
-148.2,-69.2392
-148.1,-72.0586
-148,-78.4497
-147.9,-91.5120
-147.8,-75.4626
-147.7,-70.8411
-147.6,-68.7366
-147.5,-68.0877
-147.4,-68.6706
-147.3,-70.6701
-147.2,-75.0239
-147.1,-88.3672
-147,-79.5101
-146.9,-72.5760
-146.8,-69.5700
-146.7,-68.3021
-146.6,-68.2919
-146.5,-69.5297
-146.4,-72.4609
-146.3,-79.0874
-146.2,-90.3162
-146.1,-75.5125
-146,-70.9884
-145.9,-68.8933
-145.8,-68.2095
-145.7,-68.7103
-145.6,-70.5450
-145.5,-74.4965
-145.4,-85.1050
-145.3,-81.4917
-145.2,-73.4451
-145.1,-70.0823
-145,-68.5653
-144.9,-68.3019
-144.8,-69.2070
-144.7,-71.5677
-144.6,-76.5981
-144.5,-97.5471
-144.4,-78.2183
-144.3,-72.2934
-144.2,-69.5822
-144.1,-68.4372
-144,-68.4636
-143.9,-69.6629
-143.8,-72.4358
-143.7,-78.4641
-143.6,-96.5753
-143.5,-76.6636
-143.4,-71.6922
-143.3,-69.3419
-143.2,-68.4137
-143.1,-68.6095
-143,-69.9783
-142.9,-72.9902
-142.8,-79.6583
-142.7,-90.8992
-142.6,-76.0682
-142.5,-71.4835
-142.4,-69.2852
-142.3,-68.4396
-142.2,-68.6860
-142.1,-70.0863
-142,-73.1150
-141.9,-79.7806
-141.8,-91.1308
-141.7,-76.2226
-141.6,-71.6146
-141.5,-69.3860
-141.4,-68.4964
-141.3,-68.6761
-141.2,-69.9673
-141.1,-72.7828
-141,-78.7795
-140.9,-98.0683
-140.8,-77.1816
-140.7,-72.1149
-140.6,-69.6664
-140.5,-68.6042
-140.4,-68.6026
-140.3,-69.6556
-140.2,-72.0694
-140.1,-77.0027
-140,-95.1596
-139.9,-79.3323
-139.8,-73.1125
-139.7,-70.2035
-139.6,-68.8255
-139.5,-68.5297
-139.4,-69.2350
-139.3,-71.1242
-139.2,-74.9085
-139.1,-84.1586
-139,-84.1009
-138.9,-74.9151
-138.8,-71.1542
-138.7,-69.2746
-138.6,-68.5629
-138.5,-68.8268
-138.4,-70.1257
-138.3,-72.8441
-138.2,-78.4267
-138.1,-121.7232
-138,-78.3332
-137.9,-72.8284
-137.8,-70.1429
-137.7,-68.8568
-137.6,-68.5841
-137.5,-69.2546
-137.4,-71.0301
-137.3,-74.5188
-137.2,-82.4213
-137.1,-87.0847
-137,-75.9547
-136.9,-71.7767
-136.8,-69.6443
-136.7,-68.7005
-136.6,-68.6952
-136.5,-69.6218
-136.4,-71.7114
-136.3,-75.7598
-136.2,-86.0269
-136.1,-83.3759
-136,-74.9659
-135.9,-71.3336
-135.8,-69.4540
-135.7,-68.6652
-135.6,-68.7716
-135.5,-69.7912
-135.4,-71.9766
-135.3,-76.1751
-135.2,-87.1632
-135.1,-82.8911
-135,-74.8925
-134.9,-71.3466
-134.8,-69.4894
-134.7,-68.6907
-134.6,-68.7585
-134.5,-69.7023
-134.4,-71.7425
-134.3,-75.6015
-134.2,-84.7799
-134.1,-85.0715
-134,-75.7143
-133.9,-71.8236
-133.8,-69.7643
-133.7,-68.7939
-133.6,-68.6784
-133.5,-69.3896
-133.4,-71.0775
-133.3,-74.2404
-133.2,-80.7839
-133.1,-94.2404
-133,-77.8407
-132.9,-72.9442
-132.8,-70.3979
-132.7,-69.0754
-132.6,-68.6335
-132.5,-68.9787
-132.4,-70.1742
-132.3,-72.5017
-132.2,-76.8548
-132.1,-88.4403
-132,-82.9708
-131.9,-75.2110
-131.8,-71.6690
-131.7,-69.7416
-131.6,-68.8104
-131.5,-68.6696
-131.4,-69.2882
-131.3,-70.7836
-131.2,-73.5367
-131.1,-78.8256
-131,-100.7979
-130.9,-80.2830
-130.8,-74.2218
-130.7,-71.1826
-130.6,-69.5087
-130.5,-68.7351
-130.4,-68.7042
-130.3,-69.4059
-130.2,-70.9702
-130.1,-73.7928
-130,-79.2003
-129.9,-103.9213
-129.8,-80.2445
-129.7,-74.2922
-129.6,-71.2692
-129.5,-69.5786
-129.4,-68.7638
-129.3,-68.6642
-129.2,-69.2588
-129.1,-70.6491
-129,-73.1495
-128.9,-77.7253
-128.8,-90.4325
-128.7,-82.8698
-128.6,-75.4837
-128.5,-71.9825
-128.4,-70.0011
-128.3,-68.9471
-128.2,-68.6081
-128.1,-68.9240
-128,-69.9418
-127.9,-71.8516
-127.8,-75.1811
-127.7,-81.9059
-127.6,-94.3366
-127.5,-78.6272
-127.4,-73.7025
-127.3,-71.0276
-127.2,-69.4908
-127.1,-68.7328
-127,-68.6202
-126.9,-69.1316
-126.8,-70.3437
-126.7,-72.4893
-126.6,-76.2145
-126.5,-84.2453
-126.4,-88.8804
-126.3,-77.6774
-126.2,-73.2985
-126.1,-70.8360
-126,-69.4038
-125.9,-68.6960
-125.8,-68.5958
-125.7,-69.0847
-125.6,-70.2314
-125.5,-72.2397
-125.4,-75.6520
-125.3,-82.4965
-125.2,-94.1507
-125.1,-78.9535
-125,-74.0400
-124.9,-71.3209
-124.8,-69.7015
-124.7,-68.8205
-124.6,-68.5336
-124.5,-68.7980
-124.4,-69.6451
-124.3,-71.2012
-124.2,-73.7848
-124.1,-78.3225
-124,-90.2144
-123.9,-84.2508
-123.8,-76.5019
-123.7,-72.8125
-123.6,-70.6287
-123.5,-69.3200
-123.4,-68.6463
-123.3,-68.5099
-123.2,-68.8897
-123.1,-69.8305
-123,-71.4690
-122.9,-74.1389
-122.8,-78.8152
-122.7,-91.5316
-122.6,-84.0234
-122.5,-76.5562
-122.4,-72.9209
-122.3,-70.7377
-122.2,-69.3997
-122.1,-68.6710
-122,-68.4510
-121.9,-68.7103
-121.8,-69.4754
-121.7,-70.8429
-121.6,-73.0419
-121.5,-76.6604
-121.4,-83.9641
-121.3,-92.6371
-121.2,-79.2789
-121.1,-74.5095
-121,-71.7748
-120.9,-70.0604
-120.8,-69.0166
-120.7,-68.4921
-120.6,-68.4230
-120.5,-68.7981
-120.4,-69.6551
-120.3,-71.0983
-120.2,-73.3653
-120.1,-77.0623
-120,-84.5612
-119.9,-92.1625
-119.8,-79.4040
-119.7,-74.6912
-119.6,-71.9544
-119.5,-70.2096
-119.4,-69.1124
-119.3,-68.5106
-119.2,-68.3351
-119.1,-68.5653
-119,-69.2202
-118.9,-70.3672
-118.8,-72.1561
-118.7,-74.9279
-118.6,-79.6568
-118.5,-92.2937
-118.4,-84.9787
-118.3,-77.4325
-118.2,-73.7059
-118.1,-71.3944
-118,-69.8822
-117.9,-68.9231
-117.8,-68.4015
-117.7,-68.2636
-117.6,-68.4938
-117.5,-69.1092
-117.4,-70.1664
-117.3,-71.7869
-117.2,-74.2331
-117.1,-78.1789
-117,-86.4481
-116.9,-90.4954
-116.8,-79.4949
-116.7,-75.0031
-116.6,-72.3082
-116.5,-70.5291
-116.4,-69.3438
-116.3,-68.6036
-116.2,-68.2341
-116.1,-68.2014
-116,-68.4998
-115.9,-69.1501
-115.8,-70.2069
-115.7,-71.7816
-115.6,-74.1060
-115.5,-77.7461
-115.4,-84.7851
-115.3,-95.7903
-115.2,-80.9759
-115.1,-75.9610
-115,-73.0215
-114.9,-71.0707
-114.8,-69.7343
-114.7,-68.8422
-114.6,-68.3072
-114.5,-68.0844
-114.4,-68.1548
-114.3,-68.5204
-114.2,-69.2044
-114.1,-70.2588
-114,-71.7847
-113.9,-73.9837
-113.8,-77.3238
-113.7,-83.3341
-113.6,-114.8571
-113.5,-82.9123
-113.4,-77.1495
-113.3,-73.9033
-113.2,-71.7541
-113.1,-70.2537
-113,-69.2045
-112.9,-68.5048
-112.8,-68.0989
-112.7,-67.9575
-112.6,-68.0692
-112.5,-68.4378
-112.4,-69.0836
-112.3,-70.0486
-112.2,-71.4105
-112.1,-73.3164
-112,-76.0757
-111.9,-80.5152
-111.8,-90.7546
-111.7,-88.6688
-111.6,-79.8656
-111.5,-75.7342
-111.4,-73.1182
-111.3,-71.2953
-111.2,-69.9823
-111.1,-69.0403
-111,-68.3931
-110.9,-67.9968
-110.8,-67.8266
-110.7,-67.8710
-110.6,-68.1299
-110.5,-68.6136
-110.4,-69.3464
-110.3,-70.3718
-110.2,-71.7659
-110.1,-73.6686
-110,-76.3676
-109.9,-80.6050
-109.8,-89.7093
-109.7,-90.9273
-109.6,-81.0386
-109.5,-76.6583
-109.4,-73.9034
-109.3,-71.9682
-109.2,-70.5459
-109.1,-69.4875
-109,-68.7104
-108.9,-68.1654
-108.8,-67.8225
-108.7,-67.6639
-108.6,-67.6803
-108.5,-67.8703
-108.4,-68.2391
-108.3,-68.8002
-108.2,-69.5779
-108.1,-70.6124
-108,-71.9709
-107.9,-73.7717
-107.8,-76.2466
-107.7,-79.9441
-107.6,-86.8174
-107.5,-99.9747
-107.4,-83.7010
-107.3,-78.4704
-107.2,-75.3417
-107.1,-73.1675
-107,-71.5559
-106.9,-70.3257
-106.8,-69.3787
-106.7,-68.6565
-106.6,-68.1220
-106.5,-67.7511
-106.4,-67.5282
-106.3,-67.4437
-106.2,-67.4927
-106.1,-67.6748
-106,-67.9934
-105.9,-68.4568
-105.8,-69.0791
-105.7,-69.8826
-105.6,-70.9020
-105.5,-72.1924
-105.4,-73.8460
-105.3,-76.0323
-105.2,-79.1121
-105.1,-84.1039
-105,-97.5150
-104.9,-88.9503
-104.8,-81.5130
-104.7,-77.6500
-104.6,-75.0758
-104.5,-73.1862
-104.4,-71.7303
-104.3,-70.5798
-104.2,-69.6603
-104.1,-68.9251
-104,-68.3434
-103.9,-67.8937
-103.8,-67.5612
-103.7,-67.3353
-103.6,-67.2087
-103.5,-67.1769
-103.4,-67.2372
-103.3,-67.3892
-103.2,-67.6343
-103.1,-67.9761
-103,-68.4206
-102.9,-68.9769
-102.8,-69.6585
-102.7,-70.4844
-102.6,-71.4829
-102.5,-72.6964
-102.4,-74.1922
-102.3,-76.0855
-102.2,-78.5957
-102.1,-82.2294
-102,-88.6960
-101.9,-108.0729
-101.8,-87.0576
-101.7,-81.4935
-101.6,-78.1930
-101.5,-75.8714
-101.4,-74.1057
-101.3,-72.7029
-101.2,-71.5589
-101.1,-70.6109
-101,-69.8181
-100.9,-69.1526
-100.8,-68.5946
-100.7,-68.1293
-100.6,-67.7459
-100.5,-67.4358
-100.4,-67.1925
-100.3,-67.0109
-100.2,-66.8870
-100.1,-66.8179
-100,-66.8012
-99.9,-66.8354
-99.8,-66.9194
-99.7,-67.0529
-99.6,-67.2360
-99.5,-67.4695
-99.4,-67.7547
-99.3,-68.0936
-99.2,-68.4892
-99.1,-68.9453
-99,-69.4672
-98.9,-70.0615
-98.8,-70.7373
-98.7,-71.5063
-98.6,-72.3849
-98.5,-73.3953
-98.4,-74.5700
-98.3,-75.9573
-98.2,-77.6348
-98.1,-79.7372
-98,-82.5317
-97.9,-86.6784
-97.8,-94.8477
-97.7,-100.0490
-97.6,-88.4802
-97.5,-83.7436
-97.4,-80.7426
-97.3,-78.5586
-97.2,-76.8540
-97.1,-75.4663
-97,-74.3047
-96.9,-73.3132
-96.8,-72.4549
-96.7,-71.7040
-96.6,-71.0417
-96.5,-70.4541
-96.4,-69.9303
-96.3,-69.4619
-96.2,-69.0421
-96.1,-68.6653
-96,-68.3268
-95.9,-68.0229
-95.8,-67.7501
-95.7,-67.5058
-95.6,-67.2874
-95.5,-67.0928
-95.4,-66.9202
-95.3,-66.7679
-95.2,-66.6343
-95.1,-66.5182
-95,-66.4183
-94.9,-66.3334
-94.8,-66.2627
-94.7,-66.2052
-94.6,-66.1599
-94.5,-66.1261
-94.4,-66.1031
-94.3,-66.0901
-94.2,-66.0864
-94.1,-66.0915
-94,-66.1047
-93.9,-66.1254
-93.8,-66.1531
-93.7,-66.1872
-93.6,-66.2273
-93.5,-66.2728
-93.4,-66.3232
-93.3,-66.3781
-93.2,-66.4370
-93.1,-66.4995
-93,-66.5650
-92.9,-66.6332
-92.8,-66.7036
-92.7,-66.7758
-92.6,-66.8494
-92.5,-66.9239
-92.4,-66.9990
-92.3,-67.0741
-92.2,-67.1490
-92.1,-67.2233
-92,-67.2964
-91.9,-67.3681
-91.8,-67.4380
-91.7,-67.5057
-91.6,-67.5708
-91.5,-67.6330
-91.4,-67.6920
-91.3,-67.7474
-91.2,-67.7989
-91.1,-67.8463
-91,-67.8892
-90.9,-67.9274
-90.8,-67.9607
-90.7,-67.9888
-90.6,-68.0116
-90.5,-68.0288
-90.4,-68.0403
-90.3,-68.0460
-90.2,-68.0459
-90.1,-68.0397
-90,-68.0276
-89.9,-68.0094
-89.8,-67.9852
-89.7,-67.9551
-89.6,-67.9190
-89.5,-67.8772
-89.4,-67.8296
-89.3,-67.7766
-89.2,-67.7182
-89.1,-67.6546
-89,-67.5860
-88.9,-67.5128
-88.8,-67.4351
-88.7,-67.3532
-88.6,-67.2675
-88.5,-67.1782
-88.4,-67.0856
-88.3,-66.9902
-88.2,-66.8922
-88.1,-66.7919
-88,-66.6899
-87.9,-66.5864
-87.8,-66.4818
-87.7,-66.3766
-87.6,-66.2711
-87.5,-66.1657
-87.4,-66.0608
-87.3,-65.9569
-87.2,-65.8543
-87.1,-65.7536
-87,-65.6550
-86.9,-65.5591
-86.8,-65.4663
-86.7,-65.3770
-86.6,-65.2917
-86.5,-65.2109
-86.4,-65.1350
-86.3,-65.0646
-86.2,-65.0001
-86.1,-64.9420
-86,-64.8909
-85.9,-64.8473
-85.8,-64.8119
-85.7,-64.7851
-85.6,-64.7677
-85.5,-64.7604
-85.4,-64.7637
-85.3,-64.7786
-85.2,-64.8057
-85.1,-64.8460
-85,-64.9004
-84.9,-64.9698
-84.8,-65.0555
-84.7,-65.1586
-84.6,-65.2805
-84.5,-65.4227
-84.4,-65.5868
-84.3,-65.7747
-84.2,-65.9886
-84.1,-66.2308
-84,-66.5043
-83.9,-66.8123
-83.8,-67.1586
-83.7,-67.5479
-83.6,-67.9858
-83.5,-68.4791
-83.4,-69.0362
-83.3,-69.6679
-83.2,-70.3883
-83.1,-71.2161
-83,-72.1770
-82.9,-73.3081
-82.8,-74.6652
-82.7,-76.3393
-82.6,-78.4927
-82.5,-81.4632
-82.4,-86.1692
-82.3,-97.7073
-82.2,-92.4754
-82.1,-84.2755
-82,-80.0982
-81.9,-77.2731
-81.8,-75.1401
-81.7,-73.4320
-81.6,-72.0140
-81.5,-70.8087
-81.4,-69.7676
-81.3,-68.8583
-81.2,-68.0586
-81.1,-67.3522
-81,-66.7271
-80.9,-66.1746
-80.8,-65.6877
-80.7,-65.2614
-80.6,-64.8918
-80.5,-64.5759
-80.4,-64.3117
-80.3,-64.0978
-80.2,-63.9335
-80.1,-63.8187
-80,-63.7537
-79.9,-63.7396
-79.8,-63.7780
-79.7,-63.8710
-79.6,-64.0218
-79.5,-64.2343
-79.4,-64.5135
-79.3,-64.8661
-79.2,-65.3005
-79.1,-65.8277
-79,-66.4623
-78.9,-67.2242
-78.8,-68.1413
-78.7,-69.2544
-78.6,-70.6262
-78.5,-72.3610
-78.4,-74.6517
-78.3,-77.9212
-78.2,-83.4544
-78.1,-104.4387
-78,-85.0308
-77.9,-78.5332
-77.8,-74.8684
-77.7,-72.3272
-77.6,-70.4029
-77.5,-68.8760
-77.4,-67.6314
-77.3,-66.6019
-77.2,-65.7449
-77.1,-65.0323
-77,-64.4448
-76.9,-63.9692
-76.8,-63.5963
-76.7,-63.3200
-76.6,-63.1369
-76.5,-63.0453
-76.4,-63.0460
-76.3,-63.1413
-76.2,-63.3360
-76.1,-63.6373
-76,-64.0558
-75.9,-64.6063
-75.8,-65.3102
-75.7,-66.1984
-75.6,-67.3176
-75.5,-68.7422
-75.4,-70.6005
-75.3,-73.1433
-75.2,-76.9750
-75.1,-84.3809
-75,-92.9143
-74.9,-79.4717
-74.8,-74.4485
-74.7,-71.3373
-74.6,-69.1195
-74.5,-67.4345
-74.4,-66.1126
-74.3,-65.0617
-74.2,-64.2267
-74.1,-63.5729
-74,-63.0780
-73.9,-62.7278
-73.8,-62.5142
-73.7,-62.4336
-73.6,-62.4865
-73.5,-62.6778
-73.4,-63.0171
-73.3,-63.5199
-73.2,-64.2105
-73.1,-65.1257
-73,-66.3242
-72.9,-67.9042
-72.8,-70.0466
-72.7,-73.1436
-72.6,-78.3424
-72.5,-94.5844
-72.4,-81.3952
-72.3,-74.4901
-72.2,-70.7608
-72.1,-68.2540
-72,-66.4213
-71.9,-65.0309
-71.8,-63.9646
-71.7,-63.1549
-71.6,-62.5619
-71.5,-62.1611
-71.4,-61.9392
-71.3,-61.8907
-71.2,-62.0173
-71.1,-62.3282
-71,-62.8411
-70.9,-63.5862
-70.8,-64.6125
-70.7,-66.0026
-70.6,-67.9057
-70.5,-70.6285
-70.4,-74.9765
-70.3,-84.8331
-70.2,-83.5829
-70.1,-74.4464
-70,-70.1767
-69.9,-67.4454
-69.8,-65.5104
-69.7,-64.0840
-69.6,-63.0263
-69.5,-62.2611
-69.4,-61.7450
-69.3,-61.4538
-69.2,-61.3768
-69.1,-61.5146
-69,-61.8785
-68.9,-62.4932
-68.8,-63.4026
-68.7,-64.6832
-68.6,-66.4735
-68.5,-69.0569
-68.4,-73.1557
-68.3,-81.9263
-68.2,-83.9794
-68.1,-73.7074
-68,-69.2352
-67.9,-66.4432
-67.8,-64.5046
-67.7,-63.1099
-67.6,-62.1121
-67.5,-61.4335
-67.4,-61.0321
-67.3,-60.8875
-67.2,-60.9960
-67.1,-61.3690
-67,-62.0358
-66.9,-63.0521
-66.8,-64.5195
-66.7,-66.6356
-66.6,-69.8489
-66.5,-75.5786
-66.4,-107.4904
-66.3,-75.9342
-66.2,-69.8908
-66.1,-66.5175
-66,-64.2854
-65.9,-62.7263
-65.8,-61.6387
-65.7,-60.9214
-65.6,-60.5226
-65.5,-60.4188
-65.4,-60.6083
-65.3,-61.1099
-65.2,-61.9686
-65.1,-63.2716
-65,-65.1890
-64.9,-68.0950
-64.8,-73.0764
-64.7,-87.8573
-64.6,-76.8186
-64.5,-69.7459
-64.4,-66.0723
-64.3,-63.7143
-64.2,-62.1058
-64.1,-61.0154
-64,-60.3314
-63.9,-59.9992
-63.8,-59.9981
-63.7,-60.3338
-63.6,-61.0402
-63.5,-62.1917
-63.4,-63.9368
-63.3,-66.5978
-63.2,-71.0557
-63.1,-82.0222
-63,-77.9409
-62.9,-69.6376
-62.8,-65.6577
-62.7,-63.1774
-62.6,-61.5228
-62.5,-60.4315
-62.4,-59.7819
-62.3,-59.5174
-62.2,-59.6211
-62.1,-60.1084
-62,-61.0332
-61.9,-62.5110
-61.8,-64.7881
-61.7,-68.4803
-61.6,-75.9921
-61.5,-83.2726
-61.4,-70.6011
-61.3,-65.8377
-61.2,-63.0313
-61.1,-61.2078
-61,-60.0262
-60.9,-59.3366
-60.8,-59.0717
-60.7,-59.2124
-60.6,-59.7794
-60.5,-60.8418
-60.4,-62.5517
-60.3,-65.2536
-60.2,-69.9315
-60.1,-82.6551
-60,-75.0188
-59.9,-67.4849
-59.8,-63.7528
-59.7,-61.4507
-59.6,-59.9723
-59.5,-59.0802
-59.4,-58.6698
-59.3,-58.7038
-59.2,-59.1929
-59.1,-60.2014
-59,-61.8805
-58.9,-64.5798
-58.8,-69.3138
-58.7,-82.6365
-58.6,-73.9279
-58.5,-66.5887
-58.4,-62.9347
-58.3,-60.7001
-58.2,-59.2969
-58.1,-58.4961
-58,-58.2011
-57.9,-58.3853
-57.8,-59.0782
-57.7,-60.3804
-57.6,-62.5277
-57.5,-66.1271
-57.4,-73.5583
-57.3,-81.0305
-57.2,-68.2780
-57.1,-63.5656
-57,-60.8596
-56.9,-59.1849
-56.8,-58.2079
-56.7,-57.7918
-56.6,-57.8920
-56.5,-58.5293
-56.4,-59.8016
-56.3,-61.9490
-56.2,-65.6020
-56.1,-73.3143
-56,-79.2414
-55.9,-67.3129
-55.8,-62.7385
-55.7,-60.1182
-55.6,-58.5254
-55.5,-57.6415
-55.4,-57.3404
-55.3,-57.5904
-55.2,-58.4345
-55.1,-60.0169
-55,-62.6990
-54.9,-67.5756
-54.8,-82.7356
-54.7,-71.0443
-54.6,-64.1627
-54.5,-60.7131
-54.4,-58.6676
-54.3,-57.4836
-54.2,-56.9573
-54.1,-57.0201
-54,-57.6904
-53.9,-59.0851
-53.8,-61.5101
-53.7,-65.8514
-53.6,-77.0168
-53.5,-72.3440
-53.4,-64.2754
-53.3,-60.5124
-53.2,-58.3290
-53.1,-57.0790
-53,-56.5296
-52.9,-56.6043
-52.8,-57.3242
-52.7,-58.8230
-52.6,-61.4597
-52.5,-66.3462
-52.4,-82.0173
-52.3,-69.5483
-52.2,-62.7853
-52.1,-59.4173
-52,-57.4691
-51.9,-56.4128
-51.8,-56.0583
-51.7,-56.3587
-51.6,-57.3740
-51.5,-59.3167
-51.4,-62.7792
-51.3,-70.1265
-51.2,-77.6502
-51.1,-64.9041
-51,-60.2893
-50.9,-57.7499
-50.8,-56.3205
-50.7,-55.6868
-50.6,-55.7471
-50.5,-56.5227
-50.4,-58.1739
-50.3,-61.1576
-50.2,-67.0705
-50.1,-90.7078
-50,-65.9472
-49.9,-60.5001
-49.8,-57.6378
-49.7,-56.0338
-49.6,-55.2924
-49.5,-55.2834
-49.4,-56.0171
-49.3,-57.6510
-49.2,-60.6501
-49.1,-66.6713
-49,-87.1460
-48.9,-65.1335
-48.8,-59.8044
-48.7,-57.0109
-48.6,-55.4752
-48.5,-54.8161
-48.4,-54.9164
-48.3,-55.8070
-48.2,-57.6938
-48.1,-61.1951
-48,-68.9142
-47.9,-74.3428
-47.8,-62.7164
-47.7,-58.3223
-47.6,-55.9538
-47.5,-54.7172
-47.4,-54.3309
-47.3,-54.7315
-47.2,-56.0128
-47.1,-58.5176
-47,-63.3727
-46.9,-79.7310
-46.8,-66.2330
-46.7,-59.6478
-46.6,-56.4432
-46.5,-54.7135
-46.4,-53.9605
-46.3,-54.0341
-46.2,-54.9626
-46.1,-56.9798
-46,-60.8284
-45.9,-70.1434
-45.8,-69.8095
-45.7,-60.5888
-45.6,-56.6874
-45.5,-54.6047
-45.4,-53.6184
-45.3,-53.5080
-45.2,-54.2640
-45.1,-56.0784
-45,-59.5815
-44.9,-67.5372
-44.8,-71.7663
-44.7,-60.7351
-44.6,-56.4934
-44.5,-54.2648
-44.4,-53.2019
-44.3,-53.0522
-44.2,-53.7975
-44.1,-55.6336
-44,-59.2222
-43.9,-67.5886
-43.8,-70.1959
-43.7,-59.8849
-43.6,-55.7925
-43.5,-53.6590
-43.4,-52.6883
-43.3,-52.6494
-43.2,-53.5489
-43.1,-55.6370
-43,-59.7706
-42.9,-70.8561
-42.8,-66.1481
-42.7,-58.2009
-42.6,-54.6675
-42.5,-52.8471
-42.4,-52.1318
-42.3,-52.3594
-42.2,-53.6005
-42.1,-56.2408
-42,-61.7003
-41.9,-105.0450
-41.8,-61.7030
-41.7,-56.0749
-41.6,-53.3108
-41.5,-51.9663
-41.4,-51.6565
-41.3,-52.3224
-41.2,-54.1559
-41.1,-57.8707
-41,-67.0104
-40.9,-67.0218
-40.8,-57.7254
-40.7,-53.8946
-40.6,-51.9589
-40.5,-51.2070
-40.4,-51.4561
-40.3,-52.7872
-40.2,-55.6493
-40.1,-61.8221
-40,-77.6022
-39.9,-59.3982
-39.8,-54.4175
-39.7,-51.9563
-39.6,-50.8558
-39.5,-50.8097
-39.4,-51.8243
-39.3,-54.2249
-39.2,-59.2437
-39.1,-80.0824
-39,-60.7454
-38.9,-54.7005
-38.8,-51.8366
-38.7,-50.4970
-38.6,-50.2688
-38.5,-51.1098
-38.4,-53.2896
-38.3,-57.8487
-38.2,-72.7079
-38.1,-61.3087
-38,-54.5939
-37.9,-51.5159
-37.8,-50.0661
-37.7,-49.7702
-37.6,-50.5662
-37.5,-52.7147
-37.4,-57.2496
-37.3,-72.0306
-37.2,-60.7396
-37.1,-54.0213
-37,-50.9591
-36.9,-49.5398
-36.8,-49.2935
-36.7,-50.1711
-36.6,-52.4705
-36.5,-57.3910
-36.4,-77.2517
-36.3,-59.0893
-36.2,-53.0097
-36.1,-50.1855
-36,-48.9347
-35.9,-48.8566
-35.8,-49.9498
-35.7,-52.6092
-35.6,-58.4820
-35.5,-77.7586
-35.4,-56.7574
-35.3,-51.6746
-35.2,-49.2614
-35.1,-48.3036
-35,-48.5142
-34.9,-49.9782
-34.8,-53.2880
-34.7,-61.2814
-34.6,-64.8414
-34.5,-54.1794
-34.4,-50.1744
-34.3,-48.2859
-34.2,-47.7312
-34.1,-48.3610
-34,-50.4019
-33.9,-54.8718
-33.8,-69.6210
-33.7,-58.3377
-33.6,-51.6564
-33.5,-48.6704
-33.4,-47.3776
-33.3,-47.3326
-33.2,-48.5452
-33.1,-51.4958
-33,-58.3743
-32.9,-67.1756
-32.8,-53.7765
-32.7,-49.3666
-32.6,-47.3109
-32.5,-46.6716
-32.4,-47.2641
-32.3,-49.3119
-32.2,-53.8765
-32.1,-69.8690
-32,-56.7496
-31.9,-50.3012
-31.8,-47.4243
-31.7,-46.2377
-31.6,-46.3311
-31.5,-47.7604
-31.4,-51.1469
-31.3,-59.6894
-31.2,-61.1727
-31.1,-51.4006
-31,-47.6260
-30.9,-45.9290
-30.8,-45.6087
-30.7,-46.5852
-30.6,-49.2529
-30.5,-55.4368
-30.4,-69.4360
-30.3,-52.5728
-30.2,-47.8298
-30.1,-45.6653
-30,-45.0038
-29.9,-45.6430
-29.8,-47.8400
-29.7,-52.8590
-29.6,-77.6083
-29.5,-53.6868
-29.4,-47.9522
-29.3,-45.3813
-29.2,-44.4504
-29.1,-44.8452
-29,-46.7342
-28.9,-51.1089
-28.8,-65.7709
-28.7,-54.5574
-28.6,-47.9146
-28.5,-45.0256
-28.4,-43.9014
-28.3,-44.1351
-28.2,-45.8398
-28.1,-49.8737
-28,-62.0155
-27.9,-54.9574
-27.8,-47.6526
-27.7,-44.5618
-27.6,-43.3264
-27.5,-43.4785
-27.4,-45.1041
-27.3,-49.0161
-27.2,-60.4806
-27.1,-54.6875
-27,-47.1265
-26.9,-43.9699
-26.8,-42.7095
-26.7,-42.8581
-26.6,-44.5026
-26.5,-48.4828
-26.4,-60.4540
-26.3,-53.6802
-26.2,-46.3297
-26.1,-43.2480
-26,-42.0490
-25.9,-42.2717
-25.8,-44.0331
-25.7,-48.2781
-25.6,-62.2748
-25.5,-52.0425
-25.4,-45.2893
-25.3,-42.4106
-25.2,-41.3557
-25.1,-41.7305
-25,-43.7141
-24.9,-48.4644
-24.8,-68.6892
-24.7,-49.9859
-24.6,-44.0571
-24.5,-41.4860
-24.4,-40.6517
-24.3,-41.2588
-24.2,-43.5877
-24.1,-49.1933
-24,-70.3323
-23.9,-47.7235
-23.8,-42.6983
-23.7,-40.5123
-23.6,-39.9693
-23.5,-40.8956
-23.4,-43.7282
-23.3,-50.8112
-23.2,-57.7153
-23.1,-45.4155
-23,-41.2802
-22.9,-39.5341
-22.8,-39.3505
-22.7,-40.6976
-22.6,-44.2651
-22.5,-54.2972
-22.4,-51.4424
-22.3,-43.1662
-22.2,-39.8663
-22.1,-38.6010
-22,-38.8482
-21.9,-40.7489
-21.8,-45.4438
-21.7,-65.5469
-21.6,-46.9568
-21.5,-41.0407
-21.4,-38.5150
-21.3,-37.7671
-21.2,-38.5311
-21.1,-41.1823
-21,-47.8280
-20.9,-57.0332
-20.8,-43.3884
-20.7,-39.0823
-20.6,-37.2809
-20.5,-37.0950
-20.4,-38.4946
-20.3,-42.2359
-20.2,-53.3833
-20.1,-48.0588
-20,-40.4205
-19.9,-37.3246
-19.8,-36.2199
-19.7,-36.6619
-19.6,-38.8859
-19.5,-44.4326
-19.4,-65.3495
-19.3,-42.8994
-19.2,-37.9115
-19.1,-35.8011
-19,-35.3955
-18.9,-36.5756
-18.8,-39.9709
-18.7,-49.4858
-18.6,-47.7634
-18.5,-39.1513
-18.4,-35.7969
-18.3,-34.5523
-18.2,-34.8904
-18.1,-37.0085
-18,-42.3569
-17.9,-68.1728
-17.8,-41.3469
-17.7,-36.2157
-17.6,-34.0560
-17.5,-33.6349
-17.4,-34.8283
-17.3,-38.2922
-17.2,-48.2421
-17.1,-45.4106
-17,-37.1269
-16.9,-33.8694
-16.8,-32.7017
-16.7,-33.1371
-16.6,-35.4261
-16.5,-41.2692
-16.4,-56.7473
-16.3,-38.7091
-16.2,-33.9857
-16.1,-32.0267
-16,-31.7832
-15.9,-33.2108
-15.8,-37.1503
-15.7,-50.0261
-15.6,-41.4159
-15.5,-34.4299
-15.4,-31.5712
-15.3,-30.6765
-15.2,-31.4034
-15.1,-34.1588
-15,-41.4440
-14.9,-46.7940
-14.8,-35.2743
-14.7,-31.3149
-14.6,-29.7584
-14.5,-29.8716
-14.4,-31.7720
-14.3,-36.7518
-14.2,-73.2780
-14.1,-36.6797
-14,-31.2526
-13.9,-28.9887
-13.8,-28.5332
-13.7,-29.7548
-13.6,-33.3776
-13.5,-44.4823
-13.4,-39.0270
-13.3,-31.3967
-13.2,-28.3390
-13.1,-27.3317
-13,-27.9776
-12.9,-30.6620
-12.8,-37.8381
-12.7,-43.4871
-12.6,-31.7834
-12.5,-27.7893
-12.4,-26.2258
-12.3,-26.3583
-12.2,-28.3273
-12.1,-33.5536
-12,-60.0583
-11.9,-32.4890
-11.8,-27.3264
-11.7,-25.1832
-11.6,-24.8394
-11.5,-26.2254
-11.4,-30.2234
-11.3,-44.1657
-11.2,-33.6709
-11.1,-26.9439
-11,-24.1772
-10.9,-23.3773
-10.8,-24.2641
-10.7,-27.3863
-10.6,-36.3279
-10.5,-35.6894
-10.4,-26.6428
-10.3,-23.1848
-10.2,-21.9361
-10.1,-22.3788
-10,-24.8249
-9.89999999999998,-31.4321
-9.79999999999998,-39.6176
-9.69999999999999,-26.4343
-9.59999999999999,-22.1851
-9.5,-20.4843
-9.39999999999998,-20.5194
-9.29999999999998,-22.4133
-9.19999999999999,-27.5892
-9.09999999999999,-53.2357
-9,-26.3459
-8.89999999999998,-21.1584
-8.79999999999998,-18.9924
-8.69999999999999,-18.6434
-8.59999999999999,-20.0660
-8.5,-24.2407
-8.39999999999998,-40.5838
-8.29999999999998,-26.4344
-8.19999999999999,-20.0856
-8.09999999999999,-17.4305
-8,-16.7110
-7.89999999999998,-17.7168
-7.79999999999998,-21.1301
-7.69999999999999,-31.8103
-7.59999999999999,-26.8171
-7.5,-18.9473
-7.39999999999998,-15.7670
-7.29999999999998,-14.6822
-7.19999999999999,-15.3075
-7.09999999999999,-18.1054
-7,-26.1378
-6.89999999999998,-27.7588
-6.79999999999998,-17.7235
-6.69999999999999,-13.9661
-6.59999999999999,-12.5129
-6.5,-12.7803
-6.39999999999998,-15.0556
-6.29999999999998,-21.4438
-6.19999999999999,-30.0013
-6.09999999999999,-16.3941
-6,-11.9847
-5.89999999999998,-10.1513
-5.79999999999998,-10.0717
-5.69999999999999,-11.8828
-5.59999999999999,-17.0988
-5.5,-37.2227
-5.39999999999998,-14.9398
-5.29999999999998,-9.7686
-5.19999999999999,-7.5316
-5.09999999999999,-7.1043
-5,-8.4839
-4.89999999999998,-12.7819
-4.79999999999998,-33.6381
-4.69999999999999,-13.3485
-4.59999999999999,-7.2458
-4.5,-4.5655
-4.39999999999998,-3.7754
-4.29999999999998,-4.7333
-4.19999999999999,-8.2524
-4.09999999999999,-20.8397
-4,-11.6354
-3.89999999999998,-4.3153
-3.79999999999998,-1.1251
-3.69999999999999,0.0633
-3.59999999999999,-0.4561
-3.5,-3.2576
-3.39999999999998,-12.2405
-3.29999999999998,-9.9211
-3.19999999999999,-0.8292
-3.09999999999999,2.9877
-3,4.6461
-2.89999999999998,4.6220
-2.79999999999998,2.5513
-2.69999999999999,-4.0327
-2.59999999999999,-8.8351
-2.5,3.4384
-2.39999999999998,8.1099
-2.29999999999998,10.3853
-2.19999999999999,10.9928
-2.09999999999999,9.7792
-2,5.2431
-1.89999999999998,-14.8577
-1.79999999999998,8.8078
-1.69999999999999,14.8846
-1.59999999999999,18.1266
-1.5,19.7140
-1.39999999999998,19.7583
-1.29999999999998,17.5558
-1.19999999999999,8.1995
-1.09999999999999,14.9747
-1,24.6843
-0.899999999999977,30.0834
-0.799999999999983,33.8940
-0.699999999999989,36.7969
-0.599999999999994,39.0724
-0.5,40.8640
-0.399999999999977,42.2549
-0.299999999999983,43.2962
-0.199999999999989,44.0204
-0.0999999999999943,44.4476
0,44.4476
0.0999999999999943,44.4476
0.199999999999989,44.0204
0.299999999999983,43.2962
0.399999999999977,42.2549
0.5,40.8640
0.599999999999994,39.0724
0.699999999999989,36.7969
0.799999999999983,33.8940
0.899999999999977,30.0834
1,24.6843
1.09999999999999,14.9747
1.19999999999999,8.1995
1.29999999999998,17.5558
1.39999999999998,19.7583
1.5,19.7140
1.59999999999999,18.1266
1.69999999999999,14.8846
1.79999999999998,8.8078
1.89999999999998,-14.8577
2,5.2431
2.09999999999999,9.7792
2.19999999999999,10.9928
2.29999999999998,10.3853
2.39999999999998,8.1099
2.5,3.4384
2.59999999999999,-8.8351
2.69999999999999,-4.0327
2.79999999999998,2.5513
2.89999999999998,4.6220
3,4.6461
3.09999999999999,2.9877
3.19999999999999,-0.8292
3.29999999999998,-9.9211
3.39999999999998,-12.2405
3.5,-3.2576
3.59999999999999,-0.4561
3.69999999999999,0.0633
3.79999999999998,-1.1251
3.89999999999998,-4.3153
4,-11.6354
4.09999999999999,-20.8397
4.19999999999999,-8.2524
4.29999999999998,-4.7333
4.39999999999998,-3.7754
4.5,-4.5655
4.59999999999999,-7.2458
4.69999999999999,-13.3485
4.79999999999998,-33.6381
4.89999999999998,-12.7819
5,-8.4839
5.09999999999999,-7.1043
5.19999999999999,-7.5316
5.29999999999998,-9.7686
5.39999999999998,-14.9398
5.5,-37.2227
5.59999999999999,-17.0988
5.69999999999999,-11.8828
5.79999999999998,-10.0717
5.89999999999998,-10.1513
6,-11.9847
6.09999999999999,-16.3941
6.19999999999999,-30.0013
6.29999999999998,-21.4438
6.39999999999998,-15.0556
6.5,-12.7803
6.59999999999999,-12.5129
6.69999999999999,-13.9661
6.79999999999998,-17.7235
6.89999999999998,-27.7588
7,-26.1378
7.09999999999999,-18.1054
7.19999999999999,-15.3075
7.29999999999998,-14.6822
7.39999999999998,-15.7670
7.5,-18.9473
7.59999999999999,-26.8171
7.69999999999999,-31.8103
7.79999999999998,-21.1301
7.89999999999998,-17.7168
8,-16.7110
8.09999999999999,-17.4305
8.19999999999999,-20.0856
8.29999999999998,-26.4344
8.39999999999998,-40.5838
8.5,-24.2407
8.59999999999999,-20.0660
8.69999999999999,-18.6434
8.79999999999998,-18.9924
8.89999999999998,-21.1584
9,-26.3459
9.09999999999999,-53.2357
9.19999999999999,-27.5892
9.29999999999998,-22.4133
9.39999999999998,-20.5194
9.5,-20.4843
9.59999999999999,-22.1851
9.69999999999999,-26.4343
9.79999999999998,-39.6176
9.89999999999998,-31.4321
10,-24.8249
10.1,-22.3788
10.2,-21.9361
10.3,-23.1848
10.4,-26.6428
10.5,-35.6894
10.6,-36.3279
10.7,-27.3863
10.8,-24.2641
10.9,-23.3773
11,-24.1772
11.1,-26.9439
11.2,-33.6709
11.3,-44.1657
11.4,-30.2234
11.5,-26.2254
11.6,-24.8394
11.7,-25.1832
11.8,-27.3264
11.9,-32.4890
12,-60.0583
12.1,-33.5536
12.2,-28.3273
12.3,-26.3583
12.4,-26.2258
12.5,-27.7893
12.6,-31.7834
12.7,-43.4871
12.8,-37.8381
12.9,-30.6620
13,-27.9776
13.1,-27.3317
13.2,-28.3390
13.3,-31.3967
13.4,-39.0270
13.5,-44.4823
13.6,-33.3776
13.7,-29.7548
13.8,-28.5332
13.9,-28.9887
14,-31.2526
14.1,-36.6797
14.2,-73.2780
14.3,-36.7518
14.4,-31.7720
14.5,-29.8716
14.6,-29.7584
14.7,-31.3149
14.8,-35.2743
14.9,-46.7940
15,-41.4440
15.1,-34.1588
15.2,-31.4034
15.3,-30.6765
15.4,-31.5712
15.5,-34.4299
15.6,-41.4159
15.7,-50.0261
15.8,-37.1503
15.9,-33.2108
16,-31.7832
16.1,-32.0267
16.2,-33.9857
16.3,-38.7091
16.4,-56.7473
16.5,-41.2692
16.6,-35.4261
16.7,-33.1371
16.8,-32.7017
16.9,-33.8694
17,-37.1269
17.1,-45.4106
17.2,-48.2421
17.3,-38.2922
17.4,-34.8283
17.5,-33.6349
17.6,-34.0560
17.7,-36.2157
17.8,-41.3469
17.9,-68.1728
18,-42.3569
18.1,-37.0085
18.2,-34.8904
18.3,-34.5523
18.4,-35.7969
18.5,-39.1513
18.6,-47.7634
18.7,-49.4858
18.8,-39.9709
18.9,-36.5756
19,-35.3955
19.1,-35.8011
19.2,-37.9115
19.3,-42.8994
19.4,-65.3495
19.5,-44.4326
19.6,-38.8859
19.7,-36.6619
19.8,-36.2199
19.9,-37.3246
20,-40.4205
20.1,-48.0588
20.2,-53.3833
20.3,-42.2359
20.4,-38.4946
20.5,-37.0950
20.6,-37.2809
20.7,-39.0823
20.8,-43.3884
20.9,-57.0332
21,-47.8280
21.1,-41.1823
21.2,-38.5311
21.3,-37.7671
21.4,-38.5150
21.5,-41.0407
21.6,-46.9568
21.7,-65.5469
21.8,-45.4438
21.9,-40.7489
22,-38.8482
22.1,-38.6010
22.2,-39.8663
22.3,-43.1662
22.4,-51.4424
22.5,-54.2972
22.6,-44.2651
22.7,-40.6976
22.8,-39.3505
22.9,-39.5341
23,-41.2802
23.1,-45.4155
23.2,-57.7153
23.3,-50.8112
23.4,-43.7282
23.5,-40.8956
23.6,-39.9693
23.7,-40.5123
23.8,-42.6983
23.9,-47.7235
24,-70.3323
24.1,-49.1933
24.2,-43.5877
24.3,-41.2588
24.4,-40.6517
24.5,-41.4860
24.6,-44.0571
24.7,-49.9859
24.8,-68.6892
24.9,-48.4644
25,-43.7141
25.1,-41.7305
25.2,-41.3557
25.3,-42.4106
25.4,-45.2893
25.5,-52.0425
25.6,-62.2748
25.7,-48.2781
25.8,-44.0331
25.9,-42.2717
26,-42.0490
26.1,-43.2480
26.2,-46.3297
26.3,-53.6802
26.4,-60.4540
26.5,-48.4828
26.6,-44.5026
26.7,-42.8581
26.8,-42.7095
26.9,-43.9699
27,-47.1265
27.1,-54.6875
27.2,-60.4806
27.3,-49.0161
27.4,-45.1041
27.5,-43.4785
27.6,-43.3264
27.7,-44.5618
27.8,-47.6526
27.9,-54.9574
28,-62.0155
28.1,-49.8737
28.2,-45.8398
28.3,-44.1351
28.4,-43.9014
28.5,-45.0256
28.6,-47.9146
28.7,-54.5574
28.8,-65.7709
28.9,-51.1089
29,-46.7342
29.1,-44.8452
29.2,-44.4504
29.3,-45.3813
29.4,-47.9522
29.5,-53.6868
29.6,-77.6083
29.7,-52.8590
29.8,-47.8400
29.9,-45.6430
30,-45.0038
30.1,-45.6653
30.2,-47.8298
30.3,-52.5728
30.4,-69.4360
30.5,-55.4368
30.6,-49.2529
30.7,-46.5852
30.8,-45.6087
30.9,-45.9290
31,-47.6260
31.1,-51.4006
31.2,-61.1727
31.3,-59.6894
31.4,-51.1469
31.5,-47.7604
31.6,-46.3311
31.7,-46.2377
31.8,-47.4243
31.9,-50.3012
32,-56.7496
32.1,-69.8690
32.2,-53.8765
32.3,-49.3119
32.4,-47.2641
32.5,-46.6716
32.6,-47.3109
32.7,-49.3666
32.8,-53.7765
32.9,-67.1756
33,-58.3743
33.1,-51.4958
33.2,-48.5452
33.3,-47.3326
33.4,-47.3776
33.5,-48.6704
33.6,-51.6564
33.7,-58.3377
33.8,-69.6210
33.9,-54.8718
34,-50.4019
34.1,-48.3610
34.2,-47.7312
34.3,-48.2859
34.4,-50.1744
34.5,-54.1794
34.6,-64.8414
34.7,-61.2814
34.8,-53.2880
34.9,-49.9782
35,-48.5142
35.1,-48.3036
35.2,-49.2614
35.3,-51.6746
35.4,-56.7574
35.5,-77.7586
35.6,-58.4820
35.7,-52.6092
35.8,-49.9498
35.9,-48.8566
36,-48.9347
36.1,-50.1855
36.2,-53.0097
36.3,-59.0893
36.4,-77.2517
36.5,-57.3910
36.6,-52.4705
36.7,-50.1711
36.8,-49.2935
36.9,-49.5398
37,-50.9591
37.1,-54.0213
37.2,-60.7396
37.3,-72.0306
37.4,-57.2496
37.5,-52.7147
37.6,-50.5662
37.7,-49.7702
37.8,-50.0661
37.9,-51.5159
38,-54.5939
38.1,-61.3087
38.2,-72.7079
38.3,-57.8487
38.4,-53.2896
38.5,-51.1098
38.6,-50.2688
38.7,-50.4970
38.8,-51.8366
38.9,-54.7005
39,-60.7454
39.1,-80.0824
39.2,-59.2437
39.3,-54.2249
39.4,-51.8243
39.5,-50.8097
39.6,-50.8558
39.7,-51.9563
39.8,-54.4175
39.9,-59.3982
40,-77.6022
40.1,-61.8221
40.2,-55.6493
40.3,-52.7872
40.4,-51.4561
40.5,-51.2070
40.6,-51.9589
40.7,-53.8946
40.8,-57.7254
40.9,-67.0218
41,-67.0104
41.1,-57.8707
41.2,-54.1559
41.3,-52.3224
41.4,-51.6565
41.5,-51.9663
41.6,-53.3108
41.7,-56.0749
41.8,-61.7030
41.9,-105.0450
42,-61.7003
42.1,-56.2408
42.2,-53.6005
42.3,-52.3594
42.4,-52.1318
42.5,-52.8471
42.6,-54.6675
42.7,-58.2009
42.8,-66.1481
42.9,-70.8561
43,-59.7706
43.1,-55.6370
43.2,-53.5489
43.3,-52.6494
43.4,-52.6883
43.5,-53.6590
43.6,-55.7925
43.7,-59.8849
43.8,-70.1959
43.9,-67.5886
44,-59.2222
44.1,-55.6336
44.2,-53.7975
44.3,-53.0522
44.4,-53.2019
44.5,-54.2648
44.6,-56.4934
44.7,-60.7351
44.8,-71.7663
44.9,-67.5372
45,-59.5815
45.1,-56.0784
45.2,-54.2640
45.3,-53.5080
45.4,-53.6184
45.5,-54.6047
45.6,-56.6874
45.7,-60.5888
45.8,-69.8095
45.9,-70.1434
46,-60.8284
46.1,-56.9798
46.2,-54.9626
46.3,-54.0341
46.4,-53.9605
46.5,-54.7135
46.6,-56.4432
46.7,-59.6478
46.8,-66.2330
46.9,-79.7310
47,-63.3727
47.1,-58.5176
47.2,-56.0128
47.3,-54.7315
47.4,-54.3309
47.5,-54.7172
47.6,-55.9538
47.7,-58.3223
47.8,-62.7164
47.9,-74.3428
48,-68.9142
48.1,-61.1951
48.2,-57.6938
48.3,-55.8070
48.4,-54.9164
48.5,-54.8161
48.6,-55.4752
48.7,-57.0109
48.8,-59.8044
48.9,-65.1335
49,-87.1460
49.1,-66.6713
49.2,-60.6501
49.3,-57.6510
49.4,-56.0171
49.5,-55.2834
49.6,-55.2924
49.7,-56.0338
49.8,-57.6378
49.9,-60.5001
50,-65.9472
50.1,-90.7078
50.2,-67.0705
50.3,-61.1576
50.4,-58.1739
50.5,-56.5227
50.6,-55.7471
50.7,-55.6868
50.8,-56.3205
50.9,-57.7499
51,-60.2893
51.1,-64.9041
51.2,-77.6502
51.3,-70.1265
51.4,-62.7792
51.5,-59.3167
51.6,-57.3740
51.7,-56.3587
51.8,-56.0583
51.9,-56.4128
52,-57.4691
52.1,-59.4173
52.2,-62.7853
52.3,-69.5483
52.4,-82.0173
52.5,-66.3462
52.6,-61.4597
52.7,-58.8230
52.8,-57.3242
52.9,-56.6043
53,-56.5296
53.1,-57.0790
53.2,-58.3290
53.3,-60.5124
53.4,-64.2754
53.5,-72.3440
53.6,-77.0168
53.7,-65.8514
53.8,-61.5101
53.9,-59.0851
54,-57.6904
54.1,-57.0201
54.2,-56.9573
54.3,-57.4836
54.4,-58.6676
54.5,-60.7131
54.6,-64.1627
54.7,-71.0443
54.8,-82.7356
54.9,-67.5756
55,-62.6990
55.1,-60.0169
55.2,-58.4345
55.3,-57.5904
55.4,-57.3404
55.5,-57.6415
55.6,-58.5254
55.7,-60.1182
55.8,-62.7385
55.9,-67.3129
56,-79.2414
56.1,-73.3143
56.2,-65.6020
56.3,-61.9490
56.4,-59.8016
56.5,-58.5293
56.6,-57.8920
56.7,-57.7918
56.8,-58.2079
56.9,-59.1849
57,-60.8596
57.1,-63.5656
57.2,-68.2780
57.3,-81.0305
57.4,-73.5583
57.5,-66.1271
57.6,-62.5277
57.7,-60.3804
57.8,-59.0782
57.9,-58.3853
58,-58.2011
58.1,-58.4961
58.2,-59.2969
58.3,-60.7001
58.4,-62.9347
58.5,-66.5887
58.6,-73.9279
58.7,-82.6365
58.8,-69.3138
58.9,-64.5798
59,-61.8805
59.1,-60.2014
59.2,-59.1929
59.3,-58.7038
59.4,-58.6698
59.5,-59.0802
59.6,-59.9723
59.7,-61.4507
59.8,-63.7528
59.9,-67.4849
60,-75.0188
60.1,-82.6551
60.2,-69.9315
60.3,-65.2536
60.4,-62.5517
60.5,-60.8418
60.6,-59.7794
60.7,-59.2124
60.8,-59.0717
60.9,-59.3366
61,-60.0262
61.1,-61.2078
61.2,-63.0313
61.3,-65.8377
61.4,-70.6011
61.5,-83.2726
61.6,-75.9921
61.7,-68.4803
61.8,-64.7881
61.9,-62.5110
62,-61.0332
62.1,-60.1084
62.2,-59.6211
62.3,-59.5174
62.4,-59.7819
62.5,-60.4315
62.6,-61.5228
62.7,-63.1774
62.8,-65.6577
62.9,-69.6376
63,-77.9409
63.1,-82.0222
63.2,-71.0557
63.3,-66.5978
63.4,-63.9368
63.5,-62.1917
63.6,-61.0402
63.7,-60.3338
63.8,-59.9981
63.9,-59.9992
64,-60.3314
64.1,-61.0154
64.2,-62.1058
64.3,-63.7143
64.4,-66.0723
64.5,-69.7459
64.6,-76.8186
64.7,-87.8573
64.8,-73.0764
64.9,-68.0950
65,-65.1890
65.1,-63.2716
65.2,-61.9686
65.3,-61.1099
65.4,-60.6083
65.5,-60.4188
65.6,-60.5226
65.7,-60.9214
65.8,-61.6387
65.9,-62.7263
66,-64.2854
66.1,-66.5175
66.2,-69.8908
66.3,-75.9342
66.4,-107.4904
66.5,-75.5786
66.6,-69.8489
66.7,-66.6356
66.8,-64.5195
66.9,-63.0521
67,-62.0358
67.1,-61.3690
67.2,-60.9960
67.3,-60.8875
67.4,-61.0321
67.5,-61.4335
67.6,-62.1121
67.7,-63.1099
67.8,-64.5046
67.9,-66.4432
68,-69.2352
68.1,-73.7074
68.2,-83.9794
68.3,-81.9263
68.4,-73.1557
68.5,-69.0569
68.6,-66.4735
68.7,-64.6832
68.8,-63.4026
68.9,-62.4932
69,-61.8785
69.1,-61.5146
69.2,-61.3768
69.3,-61.4538
69.4,-61.7450
69.5,-62.2611
69.6,-63.0263
69.7,-64.0840
69.8,-65.5104
69.9,-67.4454
70,-70.1767
70.1,-74.4464
70.2,-83.5829
70.3,-84.8331
70.4,-74.9765
70.5,-70.6285
70.6,-67.9057
70.7,-66.0026
70.8,-64.6125
70.9,-63.5862
71,-62.8411
71.1,-62.3282
71.2,-62.0173
71.3,-61.8907
71.4,-61.9392
71.5,-62.1611
71.6,-62.5619
71.7,-63.1549
71.8,-63.9646
71.9,-65.0309
72,-66.4213
72.1,-68.2540
72.2,-70.7608
72.3,-74.4901
72.4,-81.3952
72.5,-94.5844
72.6,-78.3424
72.7,-73.1436
72.8,-70.0466
72.9,-67.9042
73,-66.3242
73.1,-65.1257
73.2,-64.2105
73.3,-63.5199
73.4,-63.0171
73.5,-62.6778
73.6,-62.4865
73.7,-62.4336
73.8,-62.5142
73.9,-62.7278
74,-63.0780
74.1,-63.5729
74.2,-64.2267
74.3,-65.0617
74.4,-66.1126
74.5,-67.4345
74.6,-69.1195
74.7,-71.3373
74.8,-74.4485
74.9,-79.4717
75,-92.9143
75.1,-84.3809
75.2,-76.9750
75.3,-73.1433
75.4,-70.6005
75.5,-68.7422
75.6,-67.3176
75.7,-66.1984
75.8,-65.3102
75.9,-64.6063
76,-64.0558
76.1,-63.6373
76.2,-63.3360
76.3,-63.1413
76.4,-63.0460
76.5,-63.0453
76.6,-63.1369
76.7,-63.3200
76.8,-63.5963
76.9,-63.9692
77,-64.4448
77.1,-65.0323
77.2,-65.7449
77.3,-66.6019
77.4,-67.6314
77.5,-68.8760
77.6,-70.4029
77.7,-72.3272
77.8,-74.8684
77.9,-78.5332
78,-85.0308
78.1,-104.4387
78.2,-83.4544
78.3,-77.9212
78.4,-74.6517
78.5,-72.3610
78.6,-70.6262
78.7,-69.2544
78.8,-68.1413
78.9,-67.2242
79,-66.4623
79.1,-65.8277
79.2,-65.3005
79.3,-64.8661
79.4,-64.5135
79.5,-64.2343
79.6,-64.0218
79.7,-63.8710
79.8,-63.7780
79.9,-63.7396
80,-63.7537
80.1,-63.8187
80.2,-63.9335
80.3,-64.0978
80.4,-64.3117
80.5,-64.5759
80.6,-64.8918
80.7,-65.2614
80.8,-65.6877
80.9,-66.1746
81,-66.7271
81.1,-67.3522
81.2,-68.0586
81.3,-68.8583
81.4,-69.7676
81.5,-70.8087
81.6,-72.0140
81.7,-73.4320
81.8,-75.1401
81.9,-77.2731
82,-80.0982
82.1,-84.2755
82.2,-92.4754
82.3,-97.7073
82.4,-86.1692
82.5,-81.4632
82.6,-78.4927
82.7,-76.3393
82.8,-74.6652
82.9,-73.3081
83,-72.1770
83.1,-71.2161
83.2,-70.3883
83.3,-69.6679
83.4,-69.0362
83.5,-68.4791
83.6,-67.9858
83.7,-67.5479
83.8,-67.1586
83.9,-66.8123
84,-66.5043
84.1,-66.2308
84.2,-65.9886
84.3,-65.7747
84.4,-65.5868
84.5,-65.4227
84.6,-65.2805
84.7,-65.1586
84.8,-65.0555
84.9,-64.9698
85,-64.9004
85.1,-64.8460
85.2,-64.8057
85.3,-64.7786
85.4,-64.7637
85.5,-64.7604
85.6,-64.7677
85.7,-64.7851
85.8,-64.8119
85.9,-64.8473
86,-64.8909
86.1,-64.9420
86.2,-65.0001
86.3,-65.0646
86.4,-65.1350
86.5,-65.2109
86.6,-65.2917
86.7,-65.3770
86.8,-65.4663
86.9,-65.5591
87,-65.6550
87.1,-65.7536
87.2,-65.8543
87.3,-65.9569
87.4,-66.0608
87.5,-66.1657
87.6,-66.2711
87.7,-66.3766
87.8,-66.4818
87.9,-66.5864
88,-66.6899
88.1,-66.7919
88.2,-66.8922
88.3,-66.9902
88.4,-67.0856
88.5,-67.1782
88.6,-67.2675
88.7,-67.3532
88.8,-67.4351
88.9,-67.5128
89,-67.5860
89.1,-67.6546
89.2,-67.7182
89.3,-67.7766
89.4,-67.8296
89.5,-67.8772
89.6,-67.9190
89.7,-67.9551
89.8,-67.9852
89.9,-68.0094
90,-68.0276
90.1,-68.0397
90.2,-68.0459
90.3,-68.0460
90.4,-68.0403
90.5,-68.0288
90.6,-68.0116
90.7,-67.9888
90.8,-67.9607
90.9,-67.9274
91,-67.8892
91.1,-67.8463
91.2,-67.7989
91.3,-67.7474
91.4,-67.6920
91.5,-67.6330
91.6,-67.5708
91.7,-67.5057
91.8,-67.4380
91.9,-67.3681
92,-67.2964
92.1,-67.2233
92.2,-67.1490
92.3,-67.0741
92.4,-66.9990
92.5,-66.9239
92.6,-66.8494
92.7,-66.7758
92.8,-66.7036
92.9,-66.6332
93,-66.5650
93.1,-66.4995
93.2,-66.4370
93.3,-66.3781
93.4,-66.3232
93.5,-66.2728
93.6,-66.2273
93.7,-66.1872
93.8,-66.1531
93.9,-66.1254
94,-66.1047
94.1,-66.0915
94.2,-66.0864
94.3,-66.0901
94.4,-66.1031
94.5,-66.1261
94.6,-66.1599
94.7,-66.2052
94.8,-66.2627
94.9,-66.3334
95,-66.4183
95.1,-66.5182
95.2,-66.6343
95.3,-66.7679
95.4,-66.9202
95.5,-67.0928
95.6,-67.2874
95.7,-67.5058
95.8,-67.7501
95.9,-68.0229
96,-68.3268
96.1,-68.6653
96.2,-69.0421
96.3,-69.4619
96.4,-69.9303
96.5,-70.4541
96.6,-71.0417
96.7,-71.7040
96.8,-72.4549
96.9,-73.3132
97,-74.3047
97.1,-75.4663
97.2,-76.8540
97.3,-78.5586
97.4,-80.7426
97.5,-83.7436
97.6,-88.4802
97.7,-100.0490
97.8,-94.8477
97.9,-86.6784
98,-82.5317
98.1,-79.7372
98.2,-77.6348
98.3,-75.9573
98.4,-74.5700
98.5,-73.3953
98.6,-72.3849
98.7,-71.5063
98.8,-70.7373
98.9,-70.0615
99,-69.4672
99.1,-68.9453
99.2,-68.4892
99.3,-68.0936
99.4,-67.7547
99.5,-67.4695
99.6,-67.2360
99.7,-67.0529
99.8,-66.9194
99.9,-66.8354
100,-66.8012
100.1,-66.8179
100.2,-66.8870
100.3,-67.0109
100.4,-67.1925
100.5,-67.4358
100.6,-67.7459
100.7,-68.1293
100.8,-68.5946
100.9,-69.1526
101,-69.8181
101.1,-70.6109
101.2,-71.5589
101.3,-72.7029
101.4,-74.1057
101.5,-75.8714
101.6,-78.1930
101.7,-81.4935
101.8,-87.0576
101.9,-108.0729
102,-88.6960
102.1,-82.2294
102.2,-78.5957
102.3,-76.0855
102.4,-74.1922
102.5,-72.6964
102.6,-71.4829
102.7,-70.4844
102.8,-69.6585
102.9,-68.9769
103,-68.4206
103.1,-67.9761
103.2,-67.6343
103.3,-67.3892
103.4,-67.2372
103.5,-67.1769
103.6,-67.2087
103.7,-67.3353
103.8,-67.5612
103.9,-67.8937
104,-68.3434
104.1,-68.9251
104.2,-69.6603
104.3,-70.5798
104.4,-71.7303
104.5,-73.1862
104.6,-75.0758
104.7,-77.6500
104.8,-81.5130
104.9,-88.9503
105,-97.5150
105.1,-84.1039
105.2,-79.1121
105.3,-76.0323
105.4,-73.8460
105.5,-72.1924
105.6,-70.9020
105.7,-69.8826
105.8,-69.0791
105.9,-68.4568
106,-67.9934
106.1,-67.6748
106.2,-67.4927
106.3,-67.4437
106.4,-67.5282
106.5,-67.7511
106.6,-68.1220
106.7,-68.6565
106.8,-69.3787
106.9,-70.3257
107,-71.5559
107.1,-73.1675
107.2,-75.3417
107.3,-78.4704
107.4,-83.7010
107.5,-99.9747
107.6,-86.8174
107.7,-79.9441
107.8,-76.2466
107.9,-73.7717
108,-71.9709
108.1,-70.6124
108.2,-69.5779
108.3,-68.8002
108.4,-68.2391
108.5,-67.8703
108.6,-67.6803
108.7,-67.6639
108.8,-67.8225
108.9,-68.1654
109,-68.7104
109.1,-69.4875
109.2,-70.5459
109.3,-71.9682
109.4,-73.9034
109.5,-76.6583
109.6,-81.0386
109.7,-90.9273
109.8,-89.7093
109.9,-80.6050
110,-76.3676
110.1,-73.6686
110.2,-71.7659
110.3,-70.3718
110.4,-69.3464
110.5,-68.6136
110.6,-68.1299
110.7,-67.8710
110.8,-67.8266
110.9,-67.9968
111,-68.3931
111.1,-69.0403
111.2,-69.9823
111.3,-71.2953
111.4,-73.1182
111.5,-75.7342
111.6,-79.8656
111.7,-88.6688
111.8,-90.7546
111.9,-80.5152
112,-76.0757
112.1,-73.3164
112.2,-71.4105
112.3,-70.0486
112.4,-69.0836
112.5,-68.4378
112.6,-68.0692
112.7,-67.9575
112.8,-68.0989
112.9,-68.5048
113,-69.2045
113.1,-70.2537
113.2,-71.7541
113.3,-73.9033
113.4,-77.1495
113.5,-82.9123
113.6,-114.8571
113.7,-83.3341
113.8,-77.3238
113.9,-73.9837
114,-71.7847
114.1,-70.2588
114.2,-69.2044
114.3,-68.5204
114.4,-68.1548
114.5,-68.0844
114.6,-68.3072
114.7,-68.8422
114.8,-69.7343
114.9,-71.0707
115,-73.0215
115.1,-75.9610
115.2,-80.9759
115.3,-95.7903
115.4,-84.7851
115.5,-77.7461
115.6,-74.1060
115.7,-71.7816
115.8,-70.2069
115.9,-69.1501
116,-68.4998
116.1,-68.2014
116.2,-68.2341
116.3,-68.6036
116.4,-69.3438
116.5,-70.5291
116.6,-72.3082
116.7,-75.0031
116.8,-79.4949
116.9,-90.4954
117,-86.4481
117.1,-78.1789
117.2,-74.2331
117.3,-71.7869
117.4,-70.1664
117.5,-69.1092
117.6,-68.4938
117.7,-68.2636
117.8,-68.4015
117.9,-68.9231
118,-69.8822
118.1,-71.3944
118.2,-73.7059
118.3,-77.4325
118.4,-84.9787
118.5,-92.2937
118.6,-79.6568
118.7,-74.9279
118.8,-72.1561
118.9,-70.3672
119,-69.2202
119.1,-68.5653
119.2,-68.3351
119.3,-68.5106
119.4,-69.1124
119.5,-70.2096
119.6,-71.9544
119.7,-74.6912
119.8,-79.4040
119.9,-92.1625
120,-84.5612
120.1,-77.0623
120.2,-73.3653
120.3,-71.0983
120.4,-69.6551
120.5,-68.7981
120.6,-68.4230
120.7,-68.4921
120.8,-69.0166
120.9,-70.0604
121,-71.7748
121.1,-74.5095
121.2,-79.2789
121.3,-92.6371
121.4,-83.9641
121.5,-76.6604
121.6,-73.0419
121.7,-70.8429
121.8,-69.4754
121.9,-68.7103
122,-68.4510
122.1,-68.6710
122.2,-69.3997
122.3,-70.7377
122.4,-72.9209
122.5,-76.5562
122.6,-84.0234
122.7,-91.5316
122.8,-78.8152
122.9,-74.1389
123,-71.4690
123.1,-69.8305
123.2,-68.8897
123.3,-68.5099
123.4,-68.6463
123.5,-69.3200
123.6,-70.6287
123.7,-72.8125
123.8,-76.5019
123.9,-84.2508
124,-90.2144
124.1,-78.3225
124.2,-73.7848
124.3,-71.2012
124.4,-69.6451
124.5,-68.7980
124.6,-68.5336
124.7,-68.8205
124.8,-69.7015
124.9,-71.3209
125,-74.0400
125.1,-78.9535
125.2,-94.1507
125.3,-82.4965
125.4,-75.6520
125.5,-72.2397
125.6,-70.2314
125.7,-69.0847
125.8,-68.5958
125.9,-68.6960
126,-69.4038
126.1,-70.8360
126.2,-73.2985
126.3,-77.6774
126.4,-88.8804
126.5,-84.2453
126.6,-76.2145
126.7,-72.4893
126.8,-70.3437
126.9,-69.1316
127,-68.6202
127.1,-68.7328
127.2,-69.4908
127.3,-71.0276
127.4,-73.7025
127.5,-78.6272
127.6,-94.3366
127.7,-81.9059
127.8,-75.1811
127.9,-71.8516
128,-69.9418
128.1,-68.9240
128.2,-68.6081
128.3,-68.9471
128.4,-70.0011
128.5,-71.9825
128.6,-75.4837
128.7,-82.8698
128.8,-90.4325
128.9,-77.7253
129,-73.1495
129.1,-70.6491
129.2,-69.2588
129.3,-68.6642
129.4,-68.7638
129.5,-69.5786
129.6,-71.2692
129.7,-74.2922
129.8,-80.2445
129.9,-103.9213
130,-79.2003
130.1,-73.7928
130.2,-70.9702
130.3,-69.4059
130.4,-68.7042
130.5,-68.7351
130.6,-69.5087
130.7,-71.1826
130.8,-74.2218
130.9,-80.2830
131,-100.7979
131.1,-78.8256
131.2,-73.5367
131.3,-70.7836
131.4,-69.2882
131.5,-68.6696
131.6,-68.8104
131.7,-69.7416
131.8,-71.6690
131.9,-75.2110
132,-82.9708
132.1,-88.4403
132.2,-76.8548
132.3,-72.5017
132.4,-70.1742
132.5,-68.9787
132.6,-68.6335
132.7,-69.0754
132.8,-70.3979
132.9,-72.9442
133,-77.8407
133.1,-94.2404
133.2,-80.7839
133.3,-74.2404
133.4,-71.0775
133.5,-69.3896
133.6,-68.6784
133.7,-68.7939
133.8,-69.7643
133.9,-71.8236
134,-75.7143
134.1,-85.0715
134.2,-84.7799
134.3,-75.6015
134.4,-71.7425
134.5,-69.7023
134.6,-68.7585
134.7,-68.6907
134.8,-69.4894
134.9,-71.3466
135,-74.8925
135.1,-82.8911
135.2,-87.1632
135.3,-76.1751
135.4,-71.9766
135.5,-69.7912
135.6,-68.7716
135.7,-68.6652
135.8,-69.4540
135.9,-71.3336
136,-74.9659
136.1,-83.3759
136.2,-86.0269
136.3,-75.7598
136.4,-71.7114
136.5,-69.6218
136.6,-68.6952
136.7,-68.7005
136.8,-69.6443
136.9,-71.7767
137,-75.9547
137.1,-87.0847
137.2,-82.4213
137.3,-74.5188
137.4,-71.0301
137.5,-69.2546
137.6,-68.5841
137.7,-68.8568
137.8,-70.1429
137.9,-72.8284
138,-78.3332
138.1,-121.7232
138.2,-78.4267
138.3,-72.8441
138.4,-70.1257
138.5,-68.8268
138.6,-68.5629
138.7,-69.2746
138.8,-71.1542
138.9,-74.9151
139,-84.1009
139.1,-84.1586
139.2,-74.9085
139.3,-71.1242
139.4,-69.2350
139.5,-68.5297
139.6,-68.8255
139.7,-70.2035
139.8,-73.1125
139.9,-79.3323
140,-95.1596
140.1,-77.0027
140.2,-72.0694
140.3,-69.6556
140.4,-68.6026
140.5,-68.6042
140.6,-69.6664
140.7,-72.1149
140.8,-77.1816
140.9,-98.0683
141,-78.7795
141.1,-72.7828
141.2,-69.9673
141.3,-68.6761
141.4,-68.4964
141.5,-69.3860
141.6,-71.6146
141.7,-76.2226
141.8,-91.1308
141.9,-79.7806
142,-73.1150
142.1,-70.0863
142.2,-68.6860
142.3,-68.4396
142.4,-69.2852
142.5,-71.4835
142.6,-76.0682
142.7,-90.8992
142.8,-79.6583
142.9,-72.9902
143,-69.9783
143.1,-68.6095
143.2,-68.4137
143.3,-69.3419
143.4,-71.6922
143.5,-76.6636
143.6,-96.5753
143.7,-78.4641
143.8,-72.4358
143.9,-69.6629
144,-68.4636
144.1,-68.4372
144.2,-69.5822
144.3,-72.2934
144.4,-78.2183
144.5,-97.5471
144.6,-76.5981
144.7,-71.5677
144.8,-69.2070
144.9,-68.3019
145,-68.5653
145.1,-70.0823
145.2,-73.4451
145.3,-81.4917
145.4,-85.1050
145.5,-74.4965
145.6,-70.5450
145.7,-68.7103
145.8,-68.2095
145.9,-68.8933
146,-70.9884
146.1,-75.5125
146.2,-90.3162
146.3,-79.0874
146.4,-72.4609
146.5,-69.5297
146.6,-68.2919
146.7,-68.3021
146.8,-69.5700
146.9,-72.5760
147,-79.5101
147.1,-88.3672
147.2,-75.0239
147.3,-70.6701
147.4,-68.6706
147.5,-68.0877
147.6,-68.7366
147.7,-70.8411
147.8,-75.4626
147.9,-91.5120
148,-78.4497
148.1,-72.0586
148.2,-69.2392
148.3,-68.1103
148.4,-68.2614
148.5,-69.7487
148.6,-73.1933
148.7,-81.7941
148.8,-83.3358
148.9,-73.6223
149,-69.9064
149.1,-68.2684
149.2,-68.0072
149.3,-69.0431
149.4,-71.7702
149.5,-78.0138
149.6,-92.0728
149.7,-75.2696
149.8,-70.5868
149.9,-68.4826
150,-67.8817
150.1,-68.5816
150.2,-70.8396
150.3,-75.9197
150.4,-100.7303
150.5,-76.8702
150.6,-71.1972
150.7,-68.6882
150.8,-67.8194
150.9,-68.2764
151,-70.2279
151.1,-74.6652
151.2,-89.3900
151.3,-78.2396
151.4,-71.6600
151.5,-68.8345
151.6,-67.7739
151.7,-68.0715
151.8,-69.8402
151.9,-73.9384
152,-86.1447
152.1,-79.1513
152.2,-71.9113
152.3,-68.8856
152.4,-67.7156
152.5,-67.9333
152.6,-69.6246
152.7,-73.6026
152.8,-85.1334
152.9,-79.4067
153,-71.9123
153.1,-68.8227
153.2,-67.6294
153.3,-67.8454
153.4,-69.5574
153.5,-73.6055
153.6,-85.6447
153.7,-78.9393
153.8,-71.6573
153.9,-68.6444
154,-67.5144
154.1,-67.8064
154.2,-69.6373
154.3,-73.9522
154.4,-88.0189
154.5,-77.8569
154.6,-71.1742
154.7,-68.3664
154.8,-67.3825
154.9,-67.8286
155,-69.8839
155.1,-74.7061
155.2,-95.0030
155.3,-76.3722
155.4,-70.5160
155.5,-68.0179
155.6,-67.2569
155.7,-67.9375
155.8,-70.3402
155.9,-76.0200
156,-97.2333
156.1,-74.6992
156.2,-69.7490
156.3,-67.6382
156.4,-67.1709
156.5,-68.1730
156.6,-71.0819
156.7,-78.2413
156.8,-85.2222
156.9,-72.9996
157,-68.9417
157.1,-67.2734
157.2,-67.1678
157.3,-68.5933
157.4,-72.2396
157.5,-82.3508
157.6,-79.5754
157.7,-71.3788
157.8,-68.1591
157.9,-66.9741
158,-67.3021
158.1,-69.2839
158.2,-74.0603
158.3,-94.2452
158.4,-75.7373
158.5,-69.9038
158.6,-67.4609
158.7,-66.7964
158.8,-67.6440
158.9,-70.3792
159,-77.1093
159.1,-86.3993
159.2,-72.8397
159.3,-68.6192
159.4,-66.9038
159.5,-66.8042
159.6,-68.2906
159.7,-72.1191
159.8,-83.3541
159.9,-78.1176
160,-70.5678
160.1,-67.5607
160.2,-66.5453
160.3,-67.0770
160.4,-69.3912
160.5,-75.0285
160.6,-96.0365
160.7,-73.6778
160.8,-68.7820
160.9,-66.7640
161,-66.4513
161.1,-67.7247
161.2,-71.2139
161.3,-80.8231
161.4,-79.1955
161.5,-70.6787
161.6,-67.4201
161.7,-66.2718
161.8,-66.7067
161.9,-68.9222
162,-74.3684
162.1,-100.2827
162.2,-73.5556
162.3,-68.5239
162.4,-66.4642
162.5,-66.1437
162.6,-67.4382
162.7,-71.0037
162.8,-81.0560
162.9,-78.3273
163,-70.1470
163.1,-66.9934
163.2,-65.9304
163.3,-66.4710
163.4,-68.8658
163.5,-74.8153
163.6,-90.4005
163.7,-72.4700
163.8,-67.8549
163.9,-66.0049
164,-65.8711
164.1,-67.4090
164.2,-71.4596
164.3,-84.4470
164.4,-75.9492
164.5,-69.0764
164.6,-66.3315
164.7,-65.5513
164.8,-66.3935
164.9,-69.2649
165,-76.6668
165.1,-82.1344
165.2,-70.7329
165.3,-66.8926
165.4,-65.4561
165.5,-65.6900
165.6,-67.7118
165.7,-72.8139
165.8,-109.4634
165.9,-72.9890
166,-67.6868
166.1,-65.5488
166.2,-65.2198
166.3,-66.5691
166.4,-70.3203
166.5,-81.5545
166.6,-76.2294
166.7,-68.7305
166.8,-65.8051
166.9,-64.9310
167,-65.7112
167.1,-68.5309
167.2,-75.8433
167.3,-81.6297
167.4,-70.0645
167.5,-66.2099
167.6,-64.7871
167.7,-65.0613
167.8,-67.1732
167.9,-72.5435
168,-99.1935
168.1,-71.7706
168.2,-66.7557
168.3,-64.7614
168.4,-64.5677
168.5,-66.1051
168.6,-70.2558
168.7,-84.3522
168.8,-74.0129
168.9,-67.4426
169,-64.8342
169.1,-64.1938
169.2,-65.2417
169.3,-68.5264
169.4,-77.6321
169.5,-77.1593
169.6,-68.2798
169.7,-64.9906
169.8,-63.9122
169.9,-64.5270
170,-67.1469
170.1,-73.9295
170.2,-82.2923
170.3,-69.2880
170.4,-65.2196
170.5,-63.7016
170.6,-63.9214
170.7,-66.0019
170.8,-71.3664
170.9,-97.2036
171,-70.5065
171.1,-65.5139
171.2,-63.5450
171.3,-63.3953
171.4,-65.0195
171.5,-69.3981
171.6,-85.9476
171.7,-72.0070
171.8,-65.8695
171.9,-63.4282
172,-62.9253
172.1,-64.1503
172.2,-67.7855
172.3,-78.6906
172.4,-73.9251
172.5,-66.2861
172.6,-63.3397
172.7,-62.4919
172.8,-63.3574
172.9,-66.3989
173,-74.6783
173.1,-76.5499
173.2,-66.7689
173.3,-63.2694
173.4,-62.0781
173.5,-62.6112
173.6,-65.1565
173.7,-71.8188
173.8,-80.6548
173.9,-67.3306
174,-63.2088
174.1,-61.6680
174.2,-61.8859
174.3,-63.9996
174.4,-69.5236
174.5,-89.9610
174.6,-67.9972
174.7,-63.1513
174.8,-61.2457
174.9,-61.1562
175,-62.8802
175.1,-67.5296
175.2,-88.7444
175.3,-68.8209
175.4,-63.0922
175.5,-60.7941
175.6,-60.3949
175.7,-61.7525
175.8,-65.6808
175.9,-78.6871
176,-69.9121
176.1,-63.0322
176.2,-60.2935
176.3,-59.5687
176.4,-60.5643
176.5,-63.8556
176.6,-73.3423
176.7,-71.5419
176.8,-62.9848
176.9,-59.7197
177,-58.6312
177.1,-59.2445
177.2,-61.9250
177.3,-69.1411
177.4,-74.5993
177.5,-63.0074
177.6,-59.0452
177.7,-57.5094
177.8,-57.6743
177.9,-59.6961
178,-65.0801
178.1,-86.0720
178.2,-63.3460
178.3,-58.2623
178.4,-56.0736
178.5,-55.6075
178.6,-56.7618
178.7,-60.2519
178.8,-70.9987
178.9,-65.7352
179,-57.6814
179.1,-54.1126
179.2,-52.3482
179.3,-51.7651
179.4,-52.1675
179.5,-53.5432
179.6,-56.0287
179.7,-59.9850
179.8,-66.3045
179.9,-77.9185
180,-77.9185
